dipendente_id,matricola,nome,cognome,email,telefono,filiale_id,ruolo,data_assunzione,data_cessazione,stato,created_at,updated_at
1,MAT000001,Luigi,Fiore,luigi.fiore@bancatrinacria.it,+393206474687,30,Gestore,2016-09-26,,Attivo,2026-01-26 22:18:19.264288,2026-01-26 22:18:19.264292
2,MAT000002,Anna,Messina,anna.messina@bancatrinacria.it,+393390097882,11,Direttore,2015-08-21,,Attivo,2026-01-26 22:18:19.266328,2026-01-26 22:18:19.266330
3,MAT000003,Teresa,Caruso,teresa.caruso@bancatrinacria.it,+393293619399,3,Gestore,2015-06-12,,Attivo,2026-01-26 22:18:19.268969,2026-01-26 22:18:19.268972
4,MAT000004,Martina,Castagna,martina.castagna@bancatrinacria.it,+393363534624,32,Operatore,2020-02-16,,Attivo,2026-01-26 22:18:19.270176,2026-01-26 22:18:19.270178
5,MAT000005,Francesco,Asaro,francesco.asaro@bancatrinacria.it,+393469911838,28,Gestore,2017-12-22,,Attivo,2026-01-26 22:18:19.271331,2026-01-26 22:18:19.271334
6,MAT000006,Francesco,Randazzo,francesco.randazzo@bancatrinacria.it,+393404278498,23,Gestore,2015-02-02,,Attivo,2026-01-26 22:18:19.272478,2026-01-26 22:18:19.272481
7,MAT000007,Salvatore,Vitale,salvatore.vitale@bancatrinacria.it,+393361182449,23,Gestore,2017-05-12,,Attivo,2026-01-26 22:18:19.273799,2026-01-26 22:18:19.273804
8,MAT000008,Pietro,Torrisi,pietro.torrisi@bancatrinacria.it,+393474016400,30,Cassiere,2018-09-28,,Attivo,2026-01-26 22:18:19.275057,2026-01-26 22:18:19.275059
9,MAT000009,Pietro,Costa,pietro.costa@bancatrinacria.it,+393468680112,24,Cassiere,2021-02-12,2024-06-25,Attivo,2026-01-26 22:18:19.276101,2026-01-26 22:18:19.276103
10,MAT000010,Giovanna,Orlando,giovanna.orlando@bancatrinacria.it,+393310450533,10,Operatore,2022-06-24,,Attivo,2026-01-26 22:18:19.277487,2026-01-26 22:18:19.277490
11,MAT000011,Marco,Santoro,marco.santoro@bancatrinacria.it,+393352260256,30,Gestore,2023-12-30,,Attivo,2026-01-26 22:18:19.278576,2026-01-26 22:18:19.278579
12,MAT000012,Carmela,Sardo,carmela.sardo@bancatrinacria.it,+393331607337,29,Cassiere,2018-12-03,,Attivo,2026-01-26 22:18:19.280015,2026-01-26 22:18:19.280018
13,MAT000013,Michele,Palermo,michele.palermo@bancatrinacria.it,+393203654145,5,Gestore,2022-03-12,,Attivo,2026-01-26 22:18:19.284455,2026-01-26 22:18:19.284460
14,MAT000014,Davide,Cavallaro,davide.cavallaro@bancatrinacria.it,+393201429401,23,Cassiere,2021-09-09,,Attivo,2026-01-26 22:18:19.289172,2026-01-26 22:18:19.289177
15,MAT000015,Antonino,Orlando,antonino.orlando@bancatrinacria.it,+393481693406,10,Operatore,2015-01-07,,Attivo,2026-01-26 22:18:19.294641,2026-01-26 22:18:19.294645
16,MAT000016,Giovanni,Fazio,giovanni.fazio@bancatrinacria.it,+393451595148,32,Cassiere,2018-06-20,,Attivo,2026-01-26 22:18:19.299601,2026-01-26 22:18:19.299641
17,MAT000017,Domenico,Romano,domenico.romano@bancatrinacria.it,+393346629946,6,Gestore,2021-02-22,,Attivo,2026-01-26 22:18:19.303739,2026-01-26 22:18:19.303742
18,MAT000018,Giuseppina,Orlando,giuseppina.orlando@bancatrinacria.it,+393397773872,26,Gestore,2022-05-22,,Attivo,2026-01-26 22:18:19.305062,2026-01-26 22:18:19.305065
19,MAT000019,Lucia,Greco,lucia.greco@bancatrinacria.it,+393354332003,28,Direttore,2020-04-30,,Attivo,2026-01-26 22:18:19.306460,2026-01-26 22:18:19.306462
20,MAT000020,Laura,Mazza,laura.mazza@bancatrinacria.it,+393346763201,28,Operatore,2023-09-24,,Attivo,2026-01-26 22:18:19.309766,2026-01-26 22:18:19.309769
21,MAT000021,Chiara,Ragusa,chiara.ragusa@bancatrinacria.it,+393288317278,21,Gestore,2021-04-08,,Attivo,2026-01-26 22:18:19.311205,2026-01-26 22:18:19.311208
22,MAT000022,Andrea,Torrisi,andrea.torrisi@bancatrinacria.it,+393458727743,11,Operatore,2024-06-02,,Attivo,2026-01-26 22:18:19.313282,2026-01-26 22:18:19.313286
23,MAT000023,Chiara,Rossitto,chiara.rossitto@bancatrinacria.it,+393354714345,18,Gestore,2018-08-02,,Attivo,2026-01-26 22:18:19.314916,2026-01-26 22:18:19.314923
24,MAT000024,Giovanna,Parisi,giovanna.parisi@bancatrinacria.it,+393422316658,4,Operatore,2020-03-23,,Attivo,2026-01-26 22:18:19.318892,2026-01-26 22:18:19.318900
25,MAT000025,Marco,Gagliano,marco.gagliano@bancatrinacria.it,+393209670546,10,Operatore,2024-07-27,,Attivo,2026-01-26 22:18:19.320805,2026-01-26 22:18:19.320808
26,MAT000026,Davide,Palermo,davide.palermo@bancatrinacria.it,+393473467065,15,Gestore,2022-07-02,,Attivo,2026-01-26 22:18:19.322076,2026-01-26 22:18:19.322078
27,MAT000027,Luigi,Ragusa,luigi.ragusa@bancatrinacria.it,+393319806990,3,Operatore,2015-12-10,,Attivo,2026-01-26 22:18:19.323412,2026-01-26 22:18:19.323415
28,MAT000028,Laura,Fontana,laura.fontana@bancatrinacria.it,+393284653755,9,Direttore,2023-07-15,,Attivo,2026-01-26 22:18:19.327001,2026-01-26 22:18:19.327004
29,MAT000029,Marco,Rizza,marco.rizza@bancatrinacria.it,+393297080531,29,Operatore,2023-10-05,,Cessato,2026-01-26 22:18:19.332464,2026-01-26 22:18:19.332467
30,MAT000030,Maria,Randazzo,maria.randazzo@bancatrinacria.it,+393340923271,4,Gestore,2021-04-29,,Attivo,2026-01-26 22:18:19.334545,2026-01-26 22:18:19.334548
31,MAT000031,Pietro,Fichera,pietro.fichera@bancatrinacria.it,+393339912419,27,Gestore,2015-04-16,,Attivo,2026-01-26 22:18:19.335640,2026-01-26 22:18:19.335641
32,MAT000032,Calogero,Grasso,calogero.grasso@bancatrinacria.it,+393341931491,14,Operatore,2023-12-06,,Attivo,2026-01-26 22:18:19.336607,2026-01-26 22:18:19.336609
33,MAT000033,Rosario,Nicolosi,rosario.nicolosi@bancatrinacria.it,+393401850671,9,Gestore,2019-11-11,,Attivo,2026-01-26 22:18:19.337491,2026-01-26 22:18:19.337492
34,MAT000034,Laura,Santoro,laura.santoro@bancatrinacria.it,+393452849877,18,Cassiere,2019-11-20,,Attivo,2026-01-26 22:18:19.338392,2026-01-26 22:18:19.338393
35,MAT000035,Antonino,Randazzo,antonino.randazzo@bancatrinacria.it,+393294737996,16,Gestore,2018-10-09,2024-07-18,Attivo,2026-01-26 22:18:19.339278,2026-01-26 22:18:19.339279
36,MAT000036,Giuseppina,D'Angelo,giuseppina.d'angelo@bancatrinacria.it,+393365494808,12,Operatore,2017-02-21,,Attivo,2026-01-26 22:18:19.340115,2026-01-26 22:18:19.340116
37,MAT000037,Alessandra,Puglisi,alessandra.puglisi@bancatrinacria.it,+393477701436,26,Gestore,2022-10-04,,Attivo,2026-01-26 22:18:19.343608,2026-01-26 22:18:19.343611
38,MAT000038,Stefania,Rapisarda,stefania.rapisarda@bancatrinacria.it,+393498568557,22,Gestore,2018-01-14,,Attivo,2026-01-26 22:18:19.345506,2026-01-26 22:18:19.345508
39,MAT000039,Giovanni,Castagna,giovanni.castagna@bancatrinacria.it,+393308233749,12,Operatore,2023-07-11,,Attivo,2026-01-26 22:18:19.346663,2026-01-26 22:18:19.346665
40,MAT000040,Salvatore,Leone,salvatore.leone@bancatrinacria.it,+393383524082,10,Gestore,2018-01-28,2024-12-04,Attivo,2026-01-26 22:18:19.347650,2026-01-26 22:18:19.347651
41,MAT000041,Vincenzo,Rossitto,vincenzo.rossitto@bancatrinacria.it,+393300947775,30,Cassiere,2017-01-25,,Attivo,2026-01-26 22:18:19.348673,2026-01-26 22:18:19.348675
42,MAT000042,Alessandro,Rizzo,alessandro.rizzo@bancatrinacria.it,+393296719022,9,Operatore,2024-02-05,,Attivo,2026-01-26 22:18:19.349551,2026-01-26 22:18:19.349553
43,MAT000043,Carmela,Ferrara,carmela.ferrara@bancatrinacria.it,+393496999386,24,Cassiere,2020-01-20,,Attivo,2026-01-26 22:18:19.350452,2026-01-26 22:18:19.350453
44,MAT000044,Martina,Nicolosi,martina.nicolosi@bancatrinacria.it,+393389909133,12,Operatore,2017-12-19,,Attivo,2026-01-26 22:18:19.351346,2026-01-26 22:18:19.351347
45,MAT000045,Teresa,Lombardo,teresa.lombardo@bancatrinacria.it,+393330679740,3,Gestore,2017-08-06,,Attivo,2026-01-26 22:18:19.352228,2026-01-26 22:18:19.352230
46,MAT000046,Laura,Lombardo,laura.lombardo@bancatrinacria.it,+393354936183,9,Operatore,2022-04-06,,Attivo,2026-01-26 22:18:19.353128,2026-01-26 22:18:19.353130
47,MAT000047,Giovanna,Lombardo,giovanna.lombardo@bancatrinacria.it,+393282499471,13,Direttore,2020-04-03,,Attivo,2026-01-26 22:18:19.353989,2026-01-26 22:18:19.353990
48,MAT000048,Caterina,Torrisi,caterina.torrisi@bancatrinacria.it,+393497719065,11,Cassiere,2021-10-08,,Attivo,2026-01-26 22:18:19.354850,2026-01-26 22:18:19.354851
49,MAT000049,Simone,Libasci,simone.libasci@bancatrinacria.it,+393369027874,15,Operatore,2017-01-13,,Attivo,2026-01-26 22:18:19.355697,2026-01-26 22:18:19.355698
50,MAT000050,Alessandra,Greco,alessandra.greco@bancatrinacria.it,+393475655125,19,Direttore,2019-08-14,,Attivo,2026-01-26 22:18:19.356550,2026-01-26 22:18:19.356551
51,MAT000051,Rosaria,Zinna,rosaria.zinna@bancatrinacria.it,+393461545168,30,Gestore,2024-04-01,,Attivo,2026-01-26 22:18:19.358402,2026-01-26 22:18:19.358406
52,MAT000052,Davide,Ragusa,davide.ragusa@bancatrinacria.it,+393450385977,26,Operatore,2023-07-10,,Attivo,2026-01-26 22:18:19.360531,2026-01-26 22:18:19.360534
53,MAT000053,Vincenzo,Trovato,vincenzo.trovato@bancatrinacria.it,+393467109324,26,Operatore,2021-03-06,2024-06-06,Attivo,2026-01-26 22:18:19.361986,2026-01-26 22:18:19.361988
54,MAT000054,Angela,Ragusa,angela.ragusa@bancatrinacria.it,+393302748467,23,Operatore,2020-04-18,,Attivo,2026-01-26 22:18:19.363031,2026-01-26 22:18:19.363032
55,MAT000055,Calogero,Leone,calogero.leone@bancatrinacria.it,+393482146584,15,Operatore,2024-03-14,2024-08-01,Attivo,2026-01-26 22:18:19.363943,2026-01-26 22:18:19.363944
56,MAT000056,Martina,Rossitto,martina.rossitto@bancatrinacria.it,+393317875588,22,Direttore,2019-03-26,,Attivo,2026-01-26 22:18:19.364841,2026-01-26 22:18:19.364842
57,MAT000057,Giovanni,Puglisi,giovanni.puglisi@bancatrinacria.it,+393423605766,13,Cassiere,2022-06-11,,Attivo,2026-01-26 22:18:19.365748,2026-01-26 22:18:19.365749
58,MAT000058,Giovanna,Sciacca,giovanna.sciacca@bancatrinacria.it,+393282895171,7,Operatore,2020-11-24,,Cessato,2026-01-26 22:18:19.366631,2026-01-26 22:18:19.366633
59,MAT000059,Giovanna,Marletta,giovanna.marletta@bancatrinacria.it,+393311745961,11,Gestore,2024-07-20,,Attivo,2026-01-26 22:18:19.367486,2026-01-26 22:18:19.367487
60,MAT000060,Davide,Fiore,davide.fiore@bancatrinacria.it,+393397809134,26,Gestore,2017-07-20,,Attivo,2026-01-26 22:18:19.368346,2026-01-26 22:18:19.368347
61,MAT000061,Salvatore,Bruno,salvatore.bruno@bancatrinacria.it,+393462400504,31,Direttore,2019-01-08,,Attivo,2026-01-26 22:18:19.369565,2026-01-26 22:18:19.369569
62,MAT000062,Chiara,Marletta,chiara.marletta@bancatrinacria.it,+393332219693,5,Operatore,2020-07-31,,Attivo,2026-01-26 22:18:19.371280,2026-01-26 22:18:19.371283
63,MAT000063,Laura,Rizza,laura.rizza@bancatrinacria.it,+393464074821,16,Gestore,2019-12-15,,Attivo,2026-01-26 22:18:19.373369,2026-01-26 22:18:19.373371
64,MAT000064,Francesca,Nicolosi,francesca.nicolosi@bancatrinacria.it,+393367436713,27,Cassiere,2019-04-12,,Attivo,2026-01-26 22:18:19.376250,2026-01-26 22:18:19.376254
65,MAT000065,Domenico,Libasci,domenico.libasci@bancatrinacria.it,+393424090974,20,Operatore,2023-09-13,,Attivo,2026-01-26 22:18:19.377495,2026-01-26 22:18:19.377497
66,MAT000066,Rosario,Palermo,rosario.palermo@bancatrinacria.it,+393349421047,6,Operatore,2015-05-17,,Attivo,2026-01-26 22:18:19.378490,2026-01-26 22:18:19.378491
67,MAT000067,Rosa,Valenti,rosa.valenti@bancatrinacria.it,+393396232858,16,Operatore,2020-08-17,,Attivo,2026-01-26 22:18:19.379387,2026-01-26 22:18:19.379389
68,MAT000068,Pietro,Riccobono,pietro.riccobono@bancatrinacria.it,+393385171236,16,Operatore,2024-06-26,,Attivo,2026-01-26 22:18:19.380307,2026-01-26 22:18:19.380309
69,MAT000069,Rosaria,Asaro,rosaria.asaro@bancatrinacria.it,+393368175496,30,Cassiere,2024-03-22,,Attivo,2026-01-26 22:18:19.381344,2026-01-26 22:18:19.381346
70,MAT000070,Michele,Rapisarda,michele.rapisarda@bancatrinacria.it,+393209859317,17,Operatore,2022-11-11,,Attivo,2026-01-26 22:18:19.382327,2026-01-26 22:18:19.382329
71,MAT000071,Vincenzo,Borsellino,vincenzo.borsellino@bancatrinacria.it,+393284711382,16,Operatore,2019-05-11,,Attivo,2026-01-26 22:18:19.383227,2026-01-26 22:18:19.383228
72,MAT000072,Davide,Mazza,davide.mazza@bancatrinacria.it,+393316179640,7,Gestore,2022-09-28,,Attivo,2026-01-26 22:18:19.384116,2026-01-26 22:18:19.384117
73,MAT000073,Carmela,Fazio,carmela.fazio@bancatrinacria.it,+393305850643,30,Cassiere,2016-05-15,,Attivo,2026-01-26 22:18:19.384984,2026-01-26 22:18:19.384985
74,MAT000074,Rosa,Martino,rosa.martino@bancatrinacria.it,+393200532931,32,Direttore,2024-04-21,,Attivo,2026-01-26 22:18:19.385824,2026-01-26 22:18:19.385825
75,MAT000075,Giuseppina,Parisi,giuseppina.parisi@bancatrinacria.it,+393392904228,21,Operatore,2017-10-23,,Attivo,2026-01-26 22:18:19.386693,2026-01-26 22:18:19.386694
76,MAT000076,Maria,Romano,maria.romano@bancatrinacria.it,+393205395024,23,Cassiere,2015-08-03,,Attivo,2026-01-26 22:18:19.387534,2026-01-26 22:18:19.387535
77,MAT000077,Angela,Caruso,angela.caruso@bancatrinacria.it,+393477589178,10,Operatore,2017-06-26,,Cessato,2026-01-26 22:18:19.388394,2026-01-26 22:18:19.388395
78,MAT000078,Chiara,Barbera,chiara.barbera@bancatrinacria.it,+393460076617,10,Operatore,2022-12-27,,Attivo,2026-01-26 22:18:19.389263,2026-01-26 22:18:19.389264
79,MAT000079,Rosa,Catalano,rosa.catalano@bancatrinacria.it,+393311249985,22,Operatore,2019-04-10,,Attivo,2026-01-26 22:18:19.390087,2026-01-26 22:18:19.390089
80,MAT000080,Laura,Torrisi,laura.torrisi@bancatrinacria.it,+393451183673,5,Gestore,2019-08-22,,Attivo,2026-01-26 22:18:19.391241,2026-01-26 22:18:19.391242
81,MAT000081,Marco,Bruno,marco.bruno@bancatrinacria.it,+393396545271,1,Gestore,2016-01-09,,Attivo,2026-01-26 22:18:19.392523,2026-01-26 22:18:19.392525
82,MAT000082,Salvatore,Fichera,salvatore.fichera@bancatrinacria.it,+393318098851,22,Operatore,2019-08-10,,Attivo,2026-01-26 22:18:19.393619,2026-01-26 22:18:19.393620
83,MAT000083,Daniela,SuteraRusso,daniela.suterarusso@bancatrinacria.it,+393389451983,28,Operatore,2016-09-25,,Attivo,2026-01-26 22:18:19.394552,2026-01-26 22:18:19.394553
84,MAT000084,Salvatore,Corsaro,salvatore.corsaro@bancatrinacria.it,+393495149368,15,Direttore,2023-08-10,,Attivo,2026-01-26 22:18:19.395447,2026-01-26 22:18:19.395448
85,MAT000085,Valentina,Giarraputo,valentina.giarraputo@bancatrinacria.it,+393360244550,4,Gestore,2017-01-13,,Attivo,2026-01-26 22:18:19.396318,2026-01-26 22:18:19.396320
86,MAT000086,Rosaria,Caruso,rosaria.caruso@bancatrinacria.it,+393310183667,25,Gestore,2018-10-28,,Attivo,2026-01-26 22:18:19.397239,2026-01-26 22:18:19.397240
87,MAT000087,Antonino,Marino,antonino.marino@bancatrinacria.it,+393282290147,16,Operatore,2022-06-04,,Attivo,2026-01-26 22:18:19.398092,2026-01-26 22:18:19.398093
88,MAT000088,Marco,Sardo,marco.sardo@bancatrinacria.it,+393348156149,10,Direttore,2020-06-16,,Attivo,2026-01-26 22:18:19.398998,2026-01-26 22:18:19.398999
89,MAT000089,Michele,Grasso,michele.grasso@bancatrinacria.it,+393280343244,22,Gestore,2018-09-05,,Attivo,2026-01-26 22:18:19.399820,2026-01-26 22:18:19.399821
90,MAT000090,Daniela,Ferrera,daniela.ferrera@bancatrinacria.it,+393316838851,8,Cassiere,2019-06-15,,Cessato,2026-01-26 22:18:19.400647,2026-01-26 22:18:19.400648
91,MAT000091,Maria,Platania,maria.platania@bancatrinacria.it,+393295969664,13,Gestore,2016-04-16,,Attivo,2026-01-26 22:18:19.401467,2026-01-26 22:18:19.401468
92,MAT000092,Luigi,Platania,luigi.platania@bancatrinacria.it,+393401613696,9,Cassiere,2020-11-16,,Attivo,2026-01-26 22:18:19.402356,2026-01-26 22:18:19.402358
93,MAT000093,Lucia,Palermo,lucia.palermo@bancatrinacria.it,+393392181883,12,Gestore,2023-09-15,,Attivo,2026-01-26 22:18:19.403188,2026-01-26 22:18:19.403189
94,MAT000094,Giovanna,Puglisi,giovanna.puglisi@bancatrinacria.it,+393302432921,27,Gestore,2016-12-26,,Attivo,2026-01-26 22:18:19.404062,2026-01-26 22:18:19.404063
95,MAT000095,Laura,Piana,laura.piana@bancatrinacria.it,+393395271774,5,Operatore,2023-12-06,,Attivo,2026-01-26 22:18:19.404913,2026-01-26 22:18:19.404914
96,MAT000096,Matteo,Lombardo,matteo.lombardo@bancatrinacria.it,+393387700541,9,Cassiere,2022-03-25,,Attivo,2026-01-26 22:18:19.405757,2026-01-26 22:18:19.405758
97,MAT000097,Matteo,Gagliano,matteo.gagliano@bancatrinacria.it,+393469807935,3,Direttore,2021-10-14,,Attivo,2026-01-26 22:18:19.406620,2026-01-26 22:18:19.406621
98,MAT000098,Anna,Piana,anna.piana@bancatrinacria.it,+393305182037,20,Cassiere,2019-12-05,,Attivo,2026-01-26 22:18:19.407896,2026-01-26 22:18:19.407898
99,MAT000099,Stefania,Fichera,stefania.fichera@bancatrinacria.it,+393386659051,15,Gestore,2018-09-12,,Attivo,2026-01-26 22:18:19.408921,2026-01-26 22:18:19.408922
100,MAT000100,Domenico,Rizza,domenico.rizza@bancatrinacria.it,+393315192546,22,Operatore,2016-06-12,,Attivo,2026-01-26 22:18:19.409787,2026-01-26 22:18:19.409788
101,MAT000101,Francesca,Fiore,francesca.fiore@bancatrinacria.it,+393392816850,17,Operatore,2019-01-25,,Attivo,2026-01-26 22:18:19.410657,2026-01-26 22:18:19.410658
102,MAT000102,Lucia,Rossitto,lucia.rossitto@bancatrinacria.it,+393343221418,14,Cassiere,2023-08-24,,Attivo,2026-01-26 22:18:19.411529,2026-01-26 22:18:19.411530
103,MAT000103,Chiara,Zinna,chiara.zinna@bancatrinacria.it,+393399296222,32,Direttore,2024-04-28,,Attivo,2026-01-26 22:18:19.412431,2026-01-26 22:18:19.412432
104,MAT000104,Luigi,Pappalardo,luigi.pappalardo@bancatrinacria.it,+393286537947,19,Operatore,2017-08-16,,Attivo,2026-01-26 22:18:19.413239,2026-01-26 22:18:19.413240
105,MAT000105,Alessandro,Leone,alessandro.leone@bancatrinacria.it,+393409774688,30,Operatore,2019-09-11,,Attivo,2026-01-26 22:18:19.414070,2026-01-26 22:18:19.414071
106,MAT000106,Vincenzo,Rizza,vincenzo.rizza@bancatrinacria.it,+393287581814,10,Operatore,2015-12-10,,Attivo,2026-01-26 22:18:19.414884,2026-01-26 22:18:19.414886
107,MAT000107,Matteo,Giordano,matteo.giordano@bancatrinacria.it,+393451375060,24,Operatore,2019-06-12,,Attivo,2026-01-26 22:18:19.415689,2026-01-26 22:18:19.415690
108,MAT000108,Rosa,Fichera,rosa.fichera@bancatrinacria.it,+393350515220,24,Cassiere,2018-03-21,,Attivo,2026-01-26 22:18:19.416529,2026-01-26 22:18:19.416530
109,MAT000109,Vincenzo,Rapisarda,vincenzo.rapisarda@bancatrinacria.it,+393469010432,32,Gestore,2021-02-25,,Attivo,2026-01-26 22:18:19.417333,2026-01-26 22:18:19.417334
110,MAT000110,Daniela,Rizzo,daniela.rizzo@bancatrinacria.it,+393383410369,10,Gestore,2020-02-16,,Attivo,2026-01-26 22:18:19.418259,2026-01-26 22:18:19.418260
111,MAT000111,Alessandra,Libasci,alessandra.libasci@bancatrinacria.it,+393489324609,11,Operatore,2018-12-16,,Attivo,2026-01-26 22:18:19.419257,2026-01-26 22:18:19.419259
112,MAT000112,Rosa,Fazio,rosa.fazio@bancatrinacria.it,+393298888806,20,Direttore,2024-10-17,,Attivo,2026-01-26 22:18:19.420216,2026-01-26 22:18:19.420217
113,MAT000113,Stefania,Rizza,stefania.rizza@bancatrinacria.it,+393205153195,14,Operatore,2016-06-30,2024-03-27,Attivo,2026-01-26 22:18:19.421054,2026-01-26 22:18:19.421055
114,MAT000114,Teresa,Ragusa,teresa.ragusa@bancatrinacria.it,+393472217043,9,Operatore,2015-06-29,,Attivo,2026-01-26 22:18:19.421865,2026-01-26 22:18:19.421866
115,MAT000115,Antonino,Bella,antonino.bella@bancatrinacria.it,+393486874034,9,Direttore,2019-01-02,,Cessato,2026-01-26 22:18:19.422761,2026-01-26 22:18:19.422762
116,MAT000116,Lucia,Sardo,lucia.sardo@bancatrinacria.it,+393305667652,26,Operatore,2020-07-25,,Attivo,2026-01-26 22:18:19.424001,2026-01-26 22:18:19.424003
117,MAT000117,Chiara,Sardo,chiara.sardo@bancatrinacria.it,+393296169284,22,Operatore,2018-08-08,,Attivo,2026-01-26 22:18:19.425164,2026-01-26 22:18:19.425165
118,MAT000118,Domenico,Bella,domenico.bella@bancatrinacria.it,+393469627570,16,Gestore,2023-02-25,,Attivo,2026-01-26 22:18:19.426060,2026-01-26 22:18:19.426061
119,MAT000119,Daniela,Scuderi,daniela.scuderi@bancatrinacria.it,+393281658202,10,Operatore,2024-07-08,,Attivo,2026-01-26 22:18:19.427187,2026-01-26 22:18:19.427190
120,MAT000120,Antonio,Romano,antonio.romano@bancatrinacria.it,+393293556909,7,Operatore,2016-09-20,,Attivo,2026-01-26 22:18:19.428756,2026-01-26 22:18:19.428758
121,MAT000121,Stefania,Pappalardo,stefania.pappalardo@bancatrinacria.it,+393299285654,26,Gestore,2017-10-19,,Cessato,2026-01-26 22:18:19.429940,2026-01-26 22:18:19.429942
122,MAT000122,Teresa,Sciacca,teresa.sciacca@bancatrinacria.it,+393486814473,4,Operatore,2021-11-11,,Attivo,2026-01-26 22:18:19.431116,2026-01-26 22:18:19.431117
123,MAT000123,Alessandra,Longo,alessandra.longo@bancatrinacria.it,+393302172715,16,Gestore,2022-06-28,,Attivo,2026-01-26 22:18:19.432099,2026-01-26 22:18:19.432100
124,MAT000124,Davide,Valenti,davide.valenti@bancatrinacria.it,+393382258313,27,Operatore,2023-11-19,,Attivo,2026-01-26 22:18:19.433102,2026-01-26 22:18:19.433103
125,MAT000125,Maria,Fazio,maria.fazio@bancatrinacria.it,+393499578291,6,Operatore,2015-09-27,,Attivo,2026-01-26 22:18:19.434031,2026-01-26 22:18:19.434033
126,MAT000126,Alessandro,Marletta,alessandro.marletta@bancatrinacria.it,+393459125177,24,Gestore,2022-08-17,,Attivo,2026-01-26 22:18:19.434906,2026-01-26 22:18:19.434907
127,MAT000127,Valentina,Fontana,valentina.fontana@bancatrinacria.it,+393316801824,16,Direttore,2016-11-05,,Attivo,2026-01-26 22:18:19.435749,2026-01-26 22:18:19.435750
128,MAT000128,Michele,Corsaro,michele.corsaro@bancatrinacria.it,+393484143842,19,Operatore,2022-01-04,,Attivo,2026-01-26 22:18:19.436611,2026-01-26 22:18:19.436612
129,MAT000129,Matteo,De Luca,matteo.de luca@bancatrinacria.it,+393312995900,23,Operatore,2015-11-29,2024-02-07,Attivo,2026-01-26 22:18:19.437431,2026-01-26 22:18:19.437432
130,MAT000130,Pietro,Marchese,pietro.marchese@bancatrinacria.it,+393459078447,25,Operatore,2017-09-30,,Attivo,2026-01-26 22:18:19.438258,2026-01-26 22:18:19.438259
131,MAT000131,Francesca,Platania,francesca.platania@bancatrinacria.it,+393290276773,10,Operatore,2018-10-25,,Attivo,2026-01-26 22:18:19.439151,2026-01-26 22:18:19.439152
132,MAT000132,Antonino,Corsaro,antonino.corsaro@bancatrinacria.it,+393422588153,17,Operatore,2020-03-25,,Attivo,2026-01-26 22:18:19.441031,2026-01-26 22:18:19.441034
133,MAT000133,Giovanna,Bruno,giovanna.bruno@bancatrinacria.it,+393284696325,27,Gestore,2021-06-24,,Attivo,2026-01-26 22:18:19.442455,2026-01-26 22:18:19.442457
134,MAT000134,Luigi,Sciacca,luigi.sciacca@bancatrinacria.it,+393487747016,19,Operatore,2020-09-01,,Attivo,2026-01-26 22:18:19.443516,2026-01-26 22:18:19.443517
135,MAT000135,Martina,D'Angelo,martina.d'angelo@bancatrinacria.it,+393280479748,23,Gestore,2015-02-03,,Attivo,2026-01-26 22:18:19.444451,2026-01-26 22:18:19.444452
136,MAT000136,Pietro,Fazio,pietro.fazio@bancatrinacria.it,+393425060983,7,Cassiere,2019-01-24,,Attivo,2026-01-26 22:18:19.445346,2026-01-26 22:18:19.445347
137,MAT000137,Matteo,Piana,matteo.piana@bancatrinacria.it,+393494991216,6,Operatore,2019-03-09,,Attivo,2026-01-26 22:18:19.446220,2026-01-26 22:18:19.446221
138,MAT000138,Stefania,Giordano,stefania.giordano@bancatrinacria.it,+393349868000,2,Operatore,2016-07-15,,Attivo,2026-01-26 22:18:19.447177,2026-01-26 22:18:19.447178
139,MAT000139,Chiara,Platania,chiara.platania@bancatrinacria.it,+393319825952,6,Gestore,2019-05-29,,Attivo,2026-01-26 22:18:19.448019,2026-01-26 22:18:19.448020
140,MAT000140,Francesca,Coco,francesca.coco@bancatrinacria.it,+393488879470,28,Gestore,2019-02-17,,Attivo,2026-01-26 22:18:19.448914,2026-01-26 22:18:19.448915
141,MAT000141,Marco,Bella,marco.bella@bancatrinacria.it,+393209749930,6,Direttore,2021-07-18,,Attivo,2026-01-26 22:18:19.449734,2026-01-26 22:18:19.449735
142,MAT000142,Calogero,Giordano,calogero.giordano@bancatrinacria.it,+393350913075,23,Operatore,2019-09-12,,Attivo,2026-01-26 22:18:19.450548,2026-01-26 22:18:19.450549
143,MAT000143,Marco,Torrisi,marco.torrisi@bancatrinacria.it,+393470283857,4,Cassiere,2020-11-22,,Attivo,2026-01-26 22:18:19.451374,2026-01-26 22:18:19.451375
144,MAT000144,Laura,Coco,laura.coco@bancatrinacria.it,+393495497334,29,Direttore,2021-04-04,,Attivo,2026-01-26 22:18:19.452232,2026-01-26 22:18:19.452233
145,MAT000145,Francesca,Trovato,francesca.trovato@bancatrinacria.it,+393347575844,14,Operatore,2016-05-14,,Attivo,2026-01-26 22:18:19.453072,2026-01-26 22:18:19.453073
146,MAT000146,Rosaria,Corsaro,rosaria.corsaro@bancatrinacria.it,+393314041574,32,Operatore,2023-05-20,,Attivo,2026-01-26 22:18:19.453889,2026-01-26 22:18:19.453890
147,MAT000147,Davide,Sardo,davide.sardo@bancatrinacria.it,+393494219933,7,Cassiere,2015-07-27,,Attivo,2026-01-26 22:18:19.454696,2026-01-26 22:18:19.454697
148,MAT000148,Michele,SuteraRusso,michele.suterarusso@bancatrinacria.it,+393306571208,12,Gestore,2016-10-08,,Attivo,2026-01-26 22:18:19.455713,2026-01-26 22:18:19.455714
149,MAT000149,Alessandro,Riccobono,alessandro.riccobono@bancatrinacria.it,+393344540193,16,Operatore,2020-12-31,,Attivo,2026-01-26 22:18:19.456649,2026-01-26 22:18:19.456650
150,MAT000150,Antonio,Ferrera,antonio.ferrera@bancatrinacria.it,+393452067240,23,Cassiere,2015-02-07,,Attivo,2026-01-26 22:18:19.457832,2026-01-26 22:18:19.457834
151,MAT000151,Lucia,Trovato,lucia.trovato@bancatrinacria.it,+393468872874,2,Gestore,2017-02-28,,Attivo,2026-01-26 22:18:19.458922,2026-01-26 22:18:19.458924
152,MAT000152,Laura,Rizza,laura.rizza@bancatrinacria.it,+393330549329,18,Direttore,2024-08-07,,Attivo,2026-01-26 22:18:19.459786,2026-01-26 22:18:19.459787
153,MAT000153,Daniela,Catalano,daniela.catalano@bancatrinacria.it,+393296122753,5,Operatore,2015-01-28,,Attivo,2026-01-26 22:18:19.460640,2026-01-26 22:18:19.460642
154,MAT000154,Caterina,Cavallaro,caterina.cavallaro@bancatrinacria.it,+393389904530,6,Direttore,2022-06-28,,Attivo,2026-01-26 22:18:19.461570,2026-01-26 22:18:19.461571
155,MAT000155,Rosaria,Torrisi,rosaria.torrisi@bancatrinacria.it,+393381459332,8,Gestore,2020-05-12,,Attivo,2026-01-26 22:18:19.462446,2026-01-26 22:18:19.462447
156,MAT000156,Stefania,Mazza,stefania.mazza@bancatrinacria.it,+393497833918,1,Operatore,2020-01-04,,Attivo,2026-01-26 22:18:19.463294,2026-01-26 22:18:19.463295
157,MAT000157,Simone,Rizzo,simone.rizzo@bancatrinacria.it,+393288839822,12,Gestore,2018-09-05,,Attivo,2026-01-26 22:18:19.464110,2026-01-26 22:18:19.464111
158,MAT000158,Giuseppina,Rossitto,giuseppina.rossitto@bancatrinacria.it,+393298707286,24,Operatore,2020-02-15,,Attivo,2026-01-26 22:18:19.464939,2026-01-26 22:18:19.464940
159,MAT000159,Francesca,Libasci,francesca.libasci@bancatrinacria.it,+393424039106,8,Gestore,2018-11-12,,Attivo,2026-01-26 22:18:19.465755,2026-01-26 22:18:19.465756
160,MAT000160,Anna,Caruso,anna.caruso@bancatrinacria.it,+393470462265,4,Operatore,2024-12-29,,Attivo,2026-01-26 22:18:19.466595,2026-01-26 22:18:19.466596
161,MAT000161,Calogero,Fiore,calogero.fiore@bancatrinacria.it,+393298251286,25,Operatore,2020-12-06,,Attivo,2026-01-26 22:18:19.467477,2026-01-26 22:18:19.467478
162,MAT000162,Giuseppe,Libasci,giuseppe.libasci@bancatrinacria.it,+393387868633,9,Operatore,2020-03-01,,Attivo,2026-01-26 22:18:19.468330,2026-01-26 22:18:19.468331
163,MAT000163,Angela,Zinna,angela.zinna@bancatrinacria.it,+393459033119,19,Cassiere,2015-05-18,,Attivo,2026-01-26 22:18:19.469227,2026-01-26 22:18:19.469228
164,MAT000164,Anna,Randazzo,anna.randazzo@bancatrinacria.it,+393286738302,7,Gestore,2020-08-25,,Attivo,2026-01-26 22:18:19.470067,2026-01-26 22:18:19.470068
165,MAT000165,Simone,Castagna,simone.castagna@bancatrinacria.it,+393393428364,6,Gestore,2018-02-01,,Attivo,2026-01-26 22:18:19.471081,2026-01-26 22:18:19.471083
166,MAT000166,Teresa,Nicolosi,teresa.nicolosi@bancatrinacria.it,+393497056856,19,Operatore,2019-07-31,,Attivo,2026-01-26 22:18:19.472056,2026-01-26 22:18:19.472057
167,MAT000167,Davide,Rapisarda,davide.rapisarda@bancatrinacria.it,+393353427086,25,Operatore,2019-09-03,,Attivo,2026-01-26 22:18:19.473109,2026-01-26 22:18:19.473110
168,MAT000168,Carmela,Rizza,carmela.rizza@bancatrinacria.it,+393345175183,27,Operatore,2015-07-31,,Attivo,2026-01-26 22:18:19.474194,2026-01-26 22:18:19.474196
169,MAT000169,Antonio,Lombardo,antonio.lombardo@bancatrinacria.it,+393349837354,11,Gestore,2015-03-04,,Attivo,2026-01-26 22:18:19.475157,2026-01-26 22:18:19.475159
170,MAT000170,Angela,Riccobono,angela.riccobono@bancatrinacria.it,+393359363854,24,Operatore,2019-04-09,,Attivo,2026-01-26 22:18:19.476083,2026-01-26 22:18:19.476084
171,MAT000171,Francesca,Salerno,francesca.salerno@bancatrinacria.it,+393408771753,3,Operatore,2019-02-27,,Cessato,2026-01-26 22:18:19.476998,2026-01-26 22:18:19.476999
172,MAT000172,Michele,Giordano,michele.giordano@bancatrinacria.it,+393204899642,2,Operatore,2017-03-14,,Attivo,2026-01-26 22:18:19.477932,2026-01-26 22:18:19.477933
173,MAT000173,Carmela,Sciacca,carmela.sciacca@bancatrinacria.it,+393495477725,4,Cassiere,2016-11-24,,Attivo,2026-01-26 22:18:19.478951,2026-01-26 22:18:19.478952
174,MAT000174,Teresa,Messina,teresa.messina@bancatrinacria.it,+393480100623,30,Gestore,2015-10-06,,Cessato,2026-01-26 22:18:19.479853,2026-01-26 22:18:19.479854
175,MAT000175,Matteo,Platania,matteo.platania@bancatrinacria.it,+393400997700,27,Operatore,2020-12-19,,Cessato,2026-01-26 22:18:19.480774,2026-01-26 22:18:19.480776
176,MAT000176,Chiara,Scuderi,chiara.scuderi@bancatrinacria.it,+393494086211,17,Gestore,2020-11-17,,Attivo,2026-01-26 22:18:19.481670,2026-01-26 22:18:19.481671
177,MAT000177,Chiara,Rizza,chiara.rizza@bancatrinacria.it,+393404615679,7,Operatore,2017-09-23,,Attivo,2026-01-26 22:18:19.482652,2026-01-26 22:18:19.482654
178,MAT000178,Rosa,Zinna,rosa.zinna@bancatrinacria.it,+393296668700,27,Operatore,2022-11-18,,Attivo,2026-01-26 22:18:19.483580,2026-01-26 22:18:19.483581
179,MAT000179,Daniela,Cavallaro,daniela.cavallaro@bancatrinacria.it,+393308033974,19,Direttore,2015-07-10,,Attivo,2026-01-26 22:18:19.484520,2026-01-26 22:18:19.484521
180,MAT000180,Caterina,Zinna,caterina.zinna@bancatrinacria.it,+393335039261,7,Operatore,2018-05-10,,Attivo,2026-01-26 22:18:19.485417,2026-01-26 22:18:19.485418
181,MAT000181,Calogero,Cavallaro,calogero.cavallaro@bancatrinacria.it,+393422185016,31,Operatore,2017-08-08,,Attivo,2026-01-26 22:18:19.486349,2026-01-26 22:18:19.486350
182,MAT000182,Rosaria,Catalano,rosaria.catalano@bancatrinacria.it,+393204773586,21,Cassiere,2019-11-04,,Attivo,2026-01-26 22:18:19.488031,2026-01-26 22:18:19.488033
183,MAT000183,Calogero,Marino,calogero.marino@bancatrinacria.it,+393383114262,1,Operatore,2023-04-18,,Attivo,2026-01-26 22:18:19.491106,2026-01-26 22:18:19.491109
184,MAT000184,Rosa,Alesi,rosa.alesi@bancatrinacria.it,+393387541212,13,Cassiere,2019-11-01,,Attivo,2026-01-26 22:18:19.493514,2026-01-26 22:18:19.493517
185,MAT000185,Marco,Gallo,marco.gallo@bancatrinacria.it,+393201581995,6,Gestore,2024-09-07,,Attivo,2026-01-26 22:18:19.495810,2026-01-26 22:18:19.495813
186,MAT000186,Calogero,Marino,calogero.marino@bancatrinacria.it,+393493982622,19,Operatore,2018-01-06,,Attivo,2026-01-26 22:18:19.497059,2026-01-26 22:18:19.497060
187,MAT000187,Francesco,De Luca,francesco.de luca@bancatrinacria.it,+393454647154,2,Operatore,2017-10-07,,Attivo,2026-01-26 22:18:19.498281,2026-01-26 22:18:19.498283
188,MAT000188,Giovanni,Platania,giovanni.platania@bancatrinacria.it,+393302406596,1,Gestore,2024-01-07,,Attivo,2026-01-26 22:18:19.500138,2026-01-26 22:18:19.500140
189,MAT000189,Daniela,Vitale,daniela.vitale@bancatrinacria.it,+393385937526,17,Operatore,2018-07-31,,Attivo,2026-01-26 22:18:19.502074,2026-01-26 22:18:19.502078
190,MAT000190,Alessandra,Randazzo,alessandra.randazzo@bancatrinacria.it,+393396465193,9,Gestore,2021-08-22,,Attivo,2026-01-26 22:18:19.503570,2026-01-26 22:18:19.503572
191,MAT000191,Valentina,Giarraputo,valentina.giarraputo@bancatrinacria.it,+393463741672,16,Gestore,2022-02-07,,Attivo,2026-01-26 22:18:19.505542,2026-01-26 22:18:19.505545
192,MAT000192,Giovanna,Nicolosi,giovanna.nicolosi@bancatrinacria.it,+393421797968,25,Operatore,2020-09-06,,Attivo,2026-01-26 22:18:19.509613,2026-01-26 22:18:19.509616
193,MAT000193,Marco,Zinna,marco.zinna@bancatrinacria.it,+393408911352,3,Operatore,2022-04-04,,Attivo,2026-01-26 22:18:19.511335,2026-01-26 22:18:19.511337
194,MAT000194,Rosaria,Cavallaro,rosaria.cavallaro@bancatrinacria.it,+393451014388,24,Operatore,2021-04-04,,Attivo,2026-01-26 22:18:19.512545,2026-01-26 22:18:19.512547
195,MAT000195,Andrea,Fichera,andrea.fichera@bancatrinacria.it,+393427982507,12,Cassiere,2016-03-04,,Attivo,2026-01-26 22:18:19.513634,2026-01-26 22:18:19.513635
196,MAT000196,Rosa,Rizzo,rosa.rizzo@bancatrinacria.it,+393315457387,7,Cassiere,2018-11-27,,Attivo,2026-01-26 22:18:19.514603,2026-01-26 22:18:19.514604
197,MAT000197,Andrea,Castagna,andrea.castagna@bancatrinacria.it,+393294010512,2,Gestore,2023-04-22,,Attivo,2026-01-26 22:18:19.515508,2026-01-26 22:18:19.515509
198,MAT000198,Luigi,Cavallaro,luigi.cavallaro@bancatrinacria.it,+393496736226,12,Gestore,2019-06-09,2024-02-21,Attivo,2026-01-26 22:18:19.516399,2026-01-26 22:18:19.516400
199,MAT000199,Andrea,Nicolosi,andrea.nicolosi@bancatrinacria.it,+393420334191,27,Operatore,2023-12-19,,Attivo,2026-01-26 22:18:19.517307,2026-01-26 22:18:19.517308
200,MAT000200,Antonino,Longo,antonino.longo@bancatrinacria.it,+393461478596,12,Gestore,2021-11-08,,Attivo,2026-01-26 22:18:19.518339,2026-01-26 22:18:19.518341
201,MAT000201,Rosario,Platania,rosario.platania@bancatrinacria.it,+393334991251,23,Operatore,2017-09-04,,Attivo,2026-01-26 22:18:19.519398,2026-01-26 22:18:19.519399
202,MAT000202,Giovanna,Gagliano,giovanna.gagliano@bancatrinacria.it,+393459296627,13,Cassiere,2022-02-16,,Attivo,2026-01-26 22:18:19.520372,2026-01-26 22:18:19.520373
203,MAT000203,Teresa,De Luca,teresa.de luca@bancatrinacria.it,+393474225790,17,Direttore,2024-09-15,,Cessato,2026-01-26 22:18:19.521343,2026-01-26 22:18:19.521344
204,MAT000204,Vincenzo,Leone,vincenzo.leone@bancatrinacria.it,+393428876767,14,Gestore,2020-06-24,,Attivo,2026-01-26 22:18:19.522376,2026-01-26 22:18:19.522378
205,MAT000205,Michele,Valenti,michele.valenti@bancatrinacria.it,+393284384279,1,Gestore,2023-04-30,,Attivo,2026-01-26 22:18:19.523237,2026-01-26 22:18:19.523238
206,MAT000206,Matteo,Rizzo,matteo.rizzo@bancatrinacria.it,+393304858078,22,Gestore,2017-06-14,,Attivo,2026-01-26 22:18:19.524789,2026-01-26 22:18:19.524791
207,MAT000207,Carmela,Barbera,carmela.barbera@bancatrinacria.it,+393287451713,7,Gestore,2017-05-09,,Attivo,2026-01-26 22:18:19.525708,2026-01-26 22:18:19.525709
208,MAT000208,Rosario,Nicolosi,rosario.nicolosi@bancatrinacria.it,+393339233095,1,Cassiere,2020-12-20,,Attivo,2026-01-26 22:18:19.526558,2026-01-26 22:18:19.526559
209,MAT000209,Antonino,Valenti,antonino.valenti@bancatrinacria.it,+393389481260,21,Gestore,2018-02-09,,Attivo,2026-01-26 22:18:19.527423,2026-01-26 22:18:19.527424
210,MAT000210,Vincenzo,Randazzo,vincenzo.randazzo@bancatrinacria.it,+393315367294,16,Operatore,2022-01-15,,Attivo,2026-01-26 22:18:19.528242,2026-01-26 22:18:19.528243
211,MAT000211,Rosa,La Rosa,rosa.la rosa@bancatrinacria.it,+393484577590,7,Operatore,2024-09-29,,Attivo,2026-01-26 22:18:19.529096,2026-01-26 22:18:19.529097
212,MAT000212,Laura,D'Angelo,laura.d'angelo@bancatrinacria.it,+393298636374,22,Gestore,2018-08-15,,Attivo,2026-01-26 22:18:19.530154,2026-01-26 22:18:19.530155
213,MAT000213,Simone,Romano,simone.romano@bancatrinacria.it,+393475001701,30,Operatore,2024-08-13,,Attivo,2026-01-26 22:18:19.531040,2026-01-26 22:18:19.531041
214,MAT000214,Daniela,Longo,daniela.longo@bancatrinacria.it,+393314241541,31,Cassiere,2019-03-04,,Attivo,2026-01-26 22:18:19.531908,2026-01-26 22:18:19.531909
215,MAT000215,Anna,Grasso,anna.grasso@bancatrinacria.it,+393383611037,30,Direttore,2015-11-16,,Attivo,2026-01-26 22:18:19.532844,2026-01-26 22:18:19.532845
216,MAT000216,Andrea,Asaro,andrea.asaro@bancatrinacria.it,+393205162713,5,Gestore,2019-04-19,,Attivo,2026-01-26 22:18:19.533694,2026-01-26 22:18:19.533695
217,MAT000217,Salvatore,Castagna,salvatore.castagna@bancatrinacria.it,+393404262218,16,Cassiere,2021-04-26,2024-02-03,Attivo,2026-01-26 22:18:19.535064,2026-01-26 22:18:19.535066
218,MAT000218,Rosario,Martino,rosario.martino@bancatrinacria.it,+393316973112,14,Operatore,2023-06-10,,Attivo,2026-01-26 22:18:19.536066,2026-01-26 22:18:19.536067
219,MAT000219,Rosario,Nicolosi,rosario.nicolosi@bancatrinacria.it,+393392341389,9,Cassiere,2021-09-23,,Attivo,2026-01-26 22:18:19.537026,2026-01-26 22:18:19.537027
220,MAT000220,Maria,Barbera,maria.barbera@bancatrinacria.it,+393348983640,11,Operatore,2023-10-16,,Attivo,2026-01-26 22:18:19.537887,2026-01-26 22:18:19.537888
221,MAT000221,Alessandra,Gagliano,alessandra.gagliano@bancatrinacria.it,+393303791805,13,Operatore,2018-07-20,,Attivo,2026-01-26 22:18:19.538793,2026-01-26 22:18:19.538794
222,MAT000222,Simone,Mazza,simone.mazza@bancatrinacria.it,+393408271091,16,Operatore,2015-02-26,,Cessato,2026-01-26 22:18:19.539626,2026-01-26 22:18:19.539627
223,MAT000223,Anna,Grasso,anna.grasso@bancatrinacria.it,+393484866618,11,Gestore,2021-01-11,,Attivo,2026-01-26 22:18:19.540631,2026-01-26 22:18:19.540633
224,MAT000224,Francesca,Marino,francesca.marino@bancatrinacria.it,+393483285691,13,Gestore,2018-06-24,,Attivo,2026-01-26 22:18:19.541640,2026-01-26 22:18:19.541641
225,MAT000225,Carmela,Messina,carmela.messina@bancatrinacria.it,+393351617990,17,Cassiere,2018-06-20,,Attivo,2026-01-26 22:18:19.542545,2026-01-26 22:18:19.542546
226,MAT000226,Teresa,Ferrara,teresa.ferrara@bancatrinacria.it,+393202027588,8,Gestore,2023-10-13,,Attivo,2026-01-26 22:18:19.543393,2026-01-26 22:18:19.543394
227,MAT000227,Stefania,Romano,stefania.romano@bancatrinacria.it,+393361056481,22,Operatore,2017-12-13,,Attivo,2026-01-26 22:18:19.544254,2026-01-26 22:18:19.544255
228,MAT000228,Francesco,Sciacca,francesco.sciacca@bancatrinacria.it,+393468507925,31,Operatore,2016-10-06,,Attivo,2026-01-26 22:18:19.545110,2026-01-26 22:18:19.545112
229,MAT000229,Simone,Rizzo,simone.rizzo@bancatrinacria.it,+393358000307,27,Operatore,2019-01-30,,Attivo,2026-01-26 22:18:19.545964,2026-01-26 22:18:19.545965
230,MAT000230,Antonio,Mazza,antonio.mazza@bancatrinacria.it,+393355365419,19,Operatore,2019-03-08,,Attivo,2026-01-26 22:18:19.546808,2026-01-26 22:18:19.546809
231,MAT000231,Anna,Ferrera,anna.ferrera@bancatrinacria.it,+393358061744,31,Operatore,2018-09-02,,Attivo,2026-01-26 22:18:19.547715,2026-01-26 22:18:19.547716
232,MAT000232,Stefania,Longo,stefania.longo@bancatrinacria.it,+393389493759,13,Operatore,2020-07-13,,Attivo,2026-01-26 22:18:19.548562,2026-01-26 22:18:19.548563
233,MAT000233,Davide,Randazzo,davide.randazzo@bancatrinacria.it,+393310603850,31,Cassiere,2018-10-04,2024-01-30,Attivo,2026-01-26 22:18:19.549417,2026-01-26 22:18:19.549418
234,MAT000234,Francesca,Gallo,francesca.gallo@bancatrinacria.it,+393348367024,28,Cassiere,2016-01-17,2024-09-04,Attivo,2026-01-26 22:18:19.550549,2026-01-26 22:18:19.550551
235,MAT000235,Chiara,Marletta,chiara.marletta@bancatrinacria.it,+393407191826,4,Operatore,2015-11-03,,Attivo,2026-01-26 22:18:19.551471,2026-01-26 22:18:19.551472
236,MAT000236,Vincenzo,Puglisi,vincenzo.puglisi@bancatrinacria.it,+393384565574,14,Cassiere,2017-08-14,,Attivo,2026-01-26 22:18:19.552370,2026-01-26 22:18:19.552372
237,MAT000237,Martina,Gallo,martina.gallo@bancatrinacria.it,+393311277561,5,Operatore,2021-01-04,,Attivo,2026-01-26 22:18:19.553224,2026-01-26 22:18:19.553225
238,MAT000238,Andrea,Bella,andrea.bella@bancatrinacria.it,+393464112490,11,Cassiere,2017-05-30,,Attivo,2026-01-26 22:18:19.554137,2026-01-26 22:18:19.554138
239,MAT000239,Rosa,Randazzo,rosa.randazzo@bancatrinacria.it,+393406804420,25,Operatore,2019-07-15,,Attivo,2026-01-26 22:18:19.555231,2026-01-26 22:18:19.555233
240,MAT000240,Valentina,Randazzo,valentina.randazzo@bancatrinacria.it,+393307121003,24,Operatore,2016-06-19,,Attivo,2026-01-26 22:18:19.556345,2026-01-26 22:18:19.556346
241,MAT000241,Rosa,Salerno,rosa.salerno@bancatrinacria.it,+393290137215,1,Gestore,2016-05-16,2024-05-09,Attivo,2026-01-26 22:18:19.557850,2026-01-26 22:18:19.557851
242,MAT000242,Simone,Orlando,simone.orlando@bancatrinacria.it,+393427066253,3,Operatore,2017-02-05,,Attivo,2026-01-26 22:18:19.558882,2026-01-26 22:18:19.558883
243,MAT000243,Giovanna,Zinna,giovanna.zinna@bancatrinacria.it,+393354768701,15,Gestore,2018-02-19,,Attivo,2026-01-26 22:18:19.559889,2026-01-26 22:18:19.559890
244,MAT000244,Chiara,Randazzo,chiara.randazzo@bancatrinacria.it,+393490657875,20,Operatore,2021-05-05,,Attivo,2026-01-26 22:18:19.560838,2026-01-26 22:18:19.560839
245,MAT000245,Teresa,Giarraputo,teresa.giarraputo@bancatrinacria.it,+393399304078,18,Cassiere,2019-01-04,,Attivo,2026-01-26 22:18:19.561899,2026-01-26 22:18:19.561900
246,MAT000246,Luigi,Bruno,luigi.bruno@bancatrinacria.it,+393353480396,9,Operatore,2018-12-24,,Attivo,2026-01-26 22:18:19.562775,2026-01-26 22:18:19.562776
247,MAT000247,Teresa,Ferrera,teresa.ferrera@bancatrinacria.it,+393359559059,6,Direttore,2021-04-27,,Attivo,2026-01-26 22:18:19.563672,2026-01-26 22:18:19.563673
248,MAT000248,Alessandra,Bella,alessandra.bella@bancatrinacria.it,+393337010393,3,Direttore,2015-03-23,,Cessato,2026-01-26 22:18:19.564565,2026-01-26 22:18:19.564566
249,MAT000249,Giovanni,Romano,giovanni.romano@bancatrinacria.it,+393392500292,27,Gestore,2023-09-07,,Attivo,2026-01-26 22:18:19.565654,2026-01-26 22:18:19.565656
250,MAT000250,Stefania,Lombardo,stefania.lombardo@bancatrinacria.it,+393406915452,27,Cassiere,2016-10-07,,Attivo,2026-01-26 22:18:19.566550,2026-01-26 22:18:19.566551
251,MAT000251,Alessandra,Castagna,alessandra.castagna@bancatrinacria.it,+393338953926,13,Operatore,2018-06-10,,Attivo,2026-01-26 22:18:19.567424,2026-01-26 22:18:19.567426
252,MAT000252,Teresa,Alesi,teresa.alesi@bancatrinacria.it,+393429029593,7,Gestore,2022-03-04,,Attivo,2026-01-26 22:18:19.568331,2026-01-26 22:18:19.568332
253,MAT000253,Giovanna,Cavallaro,giovanna.cavallaro@bancatrinacria.it,+393293552157,1,Gestore,2015-02-16,,Attivo,2026-01-26 22:18:19.569318,2026-01-26 22:18:19.569320
254,MAT000254,Francesco,Corsaro,francesco.corsaro@bancatrinacria.it,+393361006762,3,Operatore,2024-12-02,,Attivo,2026-01-26 22:18:19.570169,2026-01-26 22:18:19.570171
255,MAT000255,Rosario,Fiore,rosario.fiore@bancatrinacria.it,+393307932710,4,Operatore,2018-04-22,2024-08-20,Attivo,2026-01-26 22:18:19.571038,2026-01-26 22:18:19.571040
256,MAT000256,Francesco,Coco,francesco.coco@bancatrinacria.it,+393336218159,16,Operatore,2021-11-18,,Attivo,2026-01-26 22:18:19.571901,2026-01-26 22:18:19.571903
257,MAT000257,Daniela,De Luca,daniela.de luca@bancatrinacria.it,+393452015336,18,Cassiere,2022-10-26,,Attivo,2026-01-26 22:18:19.572748,2026-01-26 22:18:19.572749
258,MAT000258,Davide,Salerno,davide.salerno@bancatrinacria.it,+393384310698,16,Operatore,2024-06-02,,Attivo,2026-01-26 22:18:19.573570,2026-01-26 22:18:19.573574
259,MAT000259,Giuseppe,Nicolosi,giuseppe.nicolosi@bancatrinacria.it,+393294973103,31,Operatore,2016-11-30,,Attivo,2026-01-26 22:18:19.574628,2026-01-26 22:18:19.574629
260,MAT000260,Alessandro,Rizzo,alessandro.rizzo@bancatrinacria.it,+393386774186,9,Gestore,2017-01-27,,Attivo,2026-01-26 22:18:19.575560,2026-01-26 22:18:19.575561
261,MAT000261,Teresa,Piana,teresa.piana@bancatrinacria.it,+393284774349,18,Cassiere,2015-09-10,,Attivo,2026-01-26 22:18:19.576373,2026-01-26 22:18:19.576375
262,MAT000262,Salvatore,Marino,salvatore.marino@bancatrinacria.it,+393408693806,10,Cassiere,2024-03-06,,Attivo,2026-01-26 22:18:19.577183,2026-01-26 22:18:19.577184
263,MAT000263,Alessandro,Puglisi,alessandro.puglisi@bancatrinacria.it,+393474160898,32,Cassiere,2023-12-23,,Attivo,2026-01-26 22:18:19.578082,2026-01-26 22:18:19.578084
264,MAT000264,Giovanna,Ferrara,giovanna.ferrara@bancatrinacria.it,+393462233206,20,Operatore,2015-11-17,,Attivo,2026-01-26 22:18:19.578941,2026-01-26 22:18:19.578942
265,MAT000265,Giovanna,Salerno,giovanna.salerno@bancatrinacria.it,+393391168685,15,Operatore,2024-08-09,,Attivo,2026-01-26 22:18:19.579820,2026-01-26 22:18:19.579821
266,MAT000266,Giuseppe,Mazza,giuseppe.mazza@bancatrinacria.it,+393306229991,19,Direttore,2016-03-08,,Attivo,2026-01-26 22:18:19.580666,2026-01-26 22:18:19.580667
267,MAT000267,Domenico,Corsaro,domenico.corsaro@bancatrinacria.it,+393454679970,19,Gestore,2016-12-06,,Attivo,2026-01-26 22:18:19.581673,2026-01-26 22:18:19.581674
268,MAT000268,Rosaria,Zinna,rosaria.zinna@bancatrinacria.it,+393425307450,21,Gestore,2018-10-15,,Attivo,2026-01-26 22:18:19.582729,2026-01-26 22:18:19.582730
269,MAT000269,Caterina,Rossitto,caterina.rossitto@bancatrinacria.it,+393303247546,12,Operatore,2021-10-13,,Attivo,2026-01-26 22:18:19.583678,2026-01-26 22:18:19.583679
270,MAT000270,Giuseppina,Marletta,giuseppina.marletta@bancatrinacria.it,+393478508214,24,Cassiere,2022-12-16,,Attivo,2026-01-26 22:18:19.584533,2026-01-26 22:18:19.584534
271,MAT000271,Chiara,Giarraputo,chiara.giarraputo@bancatrinacria.it,+393333303070,25,Operatore,2019-01-16,,Attivo,2026-01-26 22:18:19.585479,2026-01-26 22:18:19.585480
272,MAT000272,Laura,Torrisi,laura.torrisi@bancatrinacria.it,+393421035797,22,Cassiere,2016-12-28,,Attivo,2026-01-26 22:18:19.586290,2026-01-26 22:18:19.586291
273,MAT000273,Valentina,Corsaro,valentina.corsaro@bancatrinacria.it,+393402414060,11,Gestore,2016-10-29,,Attivo,2026-01-26 22:18:19.587102,2026-01-26 22:18:19.587104
274,MAT000274,Giuseppina,Palermo,giuseppina.palermo@bancatrinacria.it,+393353468007,25,Operatore,2016-06-25,,Attivo,2026-01-26 22:18:19.587923,2026-01-26 22:18:19.587924
275,MAT000275,Giuseppe,Palermo,giuseppe.palermo@bancatrinacria.it,+393369446657,26,Gestore,2017-10-29,,Attivo,2026-01-26 22:18:19.588795,2026-01-26 22:18:19.588796
276,MAT000276,Chiara,Grasso,chiara.grasso@bancatrinacria.it,+393300858994,4,Direttore,2018-05-07,,Attivo,2026-01-26 22:18:19.589653,2026-01-26 22:18:19.589654
277,MAT000277,Lucia,Scuderi,lucia.scuderi@bancatrinacria.it,+393394443283,12,Gestore,2015-08-21,,Attivo,2026-01-26 22:18:19.590672,2026-01-26 22:18:19.590673
278,MAT000278,Rosaria,Castagna,rosaria.castagna@bancatrinacria.it,+393310744666,25,Gestore,2023-04-06,2024-01-04,Attivo,2026-01-26 22:18:19.591689,2026-01-26 22:18:19.591690
279,MAT000279,Giovanni,Coco,giovanni.coco@bancatrinacria.it,+393358758428,13,Cassiere,2017-01-11,,Attivo,2026-01-26 22:18:19.592639,2026-01-26 22:18:19.592640
280,MAT000280,Pietro,Fontana,pietro.fontana@bancatrinacria.it,+393391353465,4,Cassiere,2019-03-03,,Attivo,2026-01-26 22:18:19.593546,2026-01-26 22:18:19.593547
281,MAT000281,Angela,Rapisarda,angela.rapisarda@bancatrinacria.it,+393289991738,25,Cassiere,2016-05-05,,Attivo,2026-01-26 22:18:19.594406,2026-01-26 22:18:19.594407
282,MAT000282,Francesca,Marletta,francesca.marletta@bancatrinacria.it,+393282235697,10,Cassiere,2016-08-09,,Attivo,2026-01-26 22:18:19.595248,2026-01-26 22:18:19.595249
283,MAT000283,Rosa,Rossitto,rosa.rossitto@bancatrinacria.it,+393392500743,24,Operatore,2023-07-15,,Attivo,2026-01-26 22:18:19.596099,2026-01-26 22:18:19.596100
284,MAT000284,Luigi,Rossitto,luigi.rossitto@bancatrinacria.it,+393292966667,19,Operatore,2019-04-20,2024-04-02,Attivo,2026-01-26 22:18:19.596942,2026-01-26 22:18:19.596943
285,MAT000285,Stefania,Asaro,stefania.asaro@bancatrinacria.it,+393398300335,12,Cassiere,2018-07-02,,Attivo,2026-01-26 22:18:19.598113,2026-01-26 22:18:19.598115
286,MAT000286,Martina,Bella,martina.bella@bancatrinacria.it,+393331044789,18,Operatore,2020-11-16,,Attivo,2026-01-26 22:18:19.598995,2026-01-26 22:18:19.598996
287,MAT000287,Vincenzo,Coco,vincenzo.coco@bancatrinacria.it,+393475326033,16,Operatore,2023-02-26,,Attivo,2026-01-26 22:18:19.599820,2026-01-26 22:18:19.599821
288,MAT000288,Maria,Torrisi,maria.torrisi@bancatrinacria.it,+393331506489,2,Operatore,2015-07-19,,Cessato,2026-01-26 22:18:19.600769,2026-01-26 22:18:19.600770
289,MAT000289,Salvatore,Libasci,salvatore.libasci@bancatrinacria.it,+393281676184,10,Operatore,2020-04-27,,Attivo,2026-01-26 22:18:19.601600,2026-01-26 22:18:19.601601
290,MAT000290,Giuseppe,Barbera,giuseppe.barbera@bancatrinacria.it,+393451849926,25,Direttore,2024-04-25,,Attivo,2026-01-26 22:18:19.602455,2026-01-26 22:18:19.602457
291,MAT000291,Angela,Trovato,angela.trovato@bancatrinacria.it,+393301739348,28,Cassiere,2017-04-06,,Attivo,2026-01-26 22:18:19.603271,2026-01-26 22:18:19.603272
292,MAT000292,Luigi,Borsellino,luigi.borsellino@bancatrinacria.it,+393497375300,16,Cassiere,2022-07-14,,Attivo,2026-01-26 22:18:19.604145,2026-01-26 22:18:19.604146
293,MAT000293,Simone,Sciacca,simone.sciacca@bancatrinacria.it,+393311811437,1,Operatore,2018-04-27,,Attivo,2026-01-26 22:18:19.604986,2026-01-26 22:18:19.604987
294,MAT000294,Teresa,Borsellino,teresa.borsellino@bancatrinacria.it,+393385561100,5,Operatore,2024-07-21,,Attivo,2026-01-26 22:18:19.605825,2026-01-26 22:18:19.605827
295,MAT000295,Lucia,D'Angelo,lucia.d'angelo@bancatrinacria.it,+393469415521,29,Operatore,2019-06-30,,Attivo,2026-01-26 22:18:19.606689,2026-01-26 22:18:19.606690
296,MAT000296,Calogero,Riccobono,calogero.riccobono@bancatrinacria.it,+393452120216,26,Gestore,2021-08-16,,Attivo,2026-01-26 22:18:19.607789,2026-01-26 22:18:19.607791
297,MAT000297,Andrea,Fontana,andrea.fontana@bancatrinacria.it,+393425902771,18,Gestore,2024-12-14,,Cessato,2026-01-26 22:18:19.608844,2026-01-26 22:18:19.608845
298,MAT000298,Pietro,Castagna,pietro.castagna@bancatrinacria.it,+393208993588,24,Operatore,2022-09-20,,Attivo,2026-01-26 22:18:19.609664,2026-01-26 22:18:19.609665
299,MAT000299,Carmela,Riccobono,carmela.riccobono@bancatrinacria.it,+393406289002,10,Cassiere,2020-09-01,,Attivo,2026-01-26 22:18:19.610476,2026-01-26 22:18:19.610477
300,MAT000300,Luigi,Lombardo,luigi.lombardo@bancatrinacria.it,+393475354083,22,Operatore,2021-03-04,,Attivo,2026-01-26 22:18:19.611300,2026-01-26 22:18:19.611302
301,MAT000301,Carmela,Marino,carmela.marino@bancatrinacria.it,+393467971775,28,Cassiere,2016-05-01,,Attivo,2026-01-26 22:18:19.612153,2026-01-26 22:18:19.612154
302,MAT000302,Maria,Gallo,maria.gallo@bancatrinacria.it,+393426088019,26,Operatore,2021-12-10,,Attivo,2026-01-26 22:18:19.613017,2026-01-26 22:18:19.613018
303,MAT000303,Valentina,Marchese,valentina.marchese@bancatrinacria.it,+393465503758,1,Operatore,2023-08-10,,Attivo,2026-01-26 22:18:19.613835,2026-01-26 22:18:19.613836
304,MAT000304,Stefania,Piana,stefania.piana@bancatrinacria.it,+393301305548,30,Cassiere,2020-11-08,,Attivo,2026-01-26 22:18:19.614664,2026-01-26 22:18:19.614665
305,MAT000305,Luigi,Sciacca,luigi.sciacca@bancatrinacria.it,+393316149331,24,Gestore,2024-07-22,,Attivo,2026-01-26 22:18:19.615512,2026-01-26 22:18:19.615513
306,MAT000306,Giovanni,Coco,giovanni.coco@bancatrinacria.it,+393306091779,2,Cassiere,2020-08-27,,Attivo,2026-01-26 22:18:19.616495,2026-01-26 22:18:19.616496
307,MAT000307,Chiara,SuteraRusso,chiara.suterarusso@bancatrinacria.it,+393496978292,9,Cassiere,2023-03-12,,Attivo,2026-01-26 22:18:19.617421,2026-01-26 22:18:19.617423
308,MAT000308,Antonino,Torrisi,antonino.torrisi@bancatrinacria.it,+393426934654,15,Operatore,2020-01-29,,Attivo,2026-01-26 22:18:19.618489,2026-01-26 22:18:19.618490
309,MAT000309,Matteo,Barbera,matteo.barbera@bancatrinacria.it,+393495833394,25,Gestore,2022-09-13,,Attivo,2026-01-26 22:18:19.619637,2026-01-26 22:18:19.619638
310,MAT000310,Teresa,Torrisi,teresa.torrisi@bancatrinacria.it,+393495158799,18,Gestore,2022-06-25,,Attivo,2026-01-26 22:18:19.620550,2026-01-26 22:18:19.620551
311,MAT000311,Davide,Trovato,davide.trovato@bancatrinacria.it,+393450810620,30,Cassiere,2022-07-08,,Attivo,2026-01-26 22:18:19.621431,2026-01-26 22:18:19.621432
312,MAT000312,Luigi,Trovato,luigi.trovato@bancatrinacria.it,+393362043805,29,Cassiere,2024-02-17,,Attivo,2026-01-26 22:18:19.622325,2026-01-26 22:18:19.622326
313,MAT000313,Valentina,Palermo,valentina.palermo@bancatrinacria.it,+393496384066,12,Operatore,2019-09-03,,Attivo,2026-01-26 22:18:19.623179,2026-01-26 22:18:19.623180
314,MAT000314,Antonino,SuteraRusso,antonino.suterarusso@bancatrinacria.it,+393204397359,12,Gestore,2021-02-16,,Attivo,2026-01-26 22:18:19.624174,2026-01-26 22:18:19.624175
315,MAT000315,Giovanni,Valenti,giovanni.valenti@bancatrinacria.it,+393462122816,20,Cassiere,2015-06-16,,Attivo,2026-01-26 22:18:19.625013,2026-01-26 22:18:19.625015
316,MAT000316,Vincenzo,Costa,vincenzo.costa@bancatrinacria.it,+393360572025,6,Cassiere,2021-09-10,,Attivo,2026-01-26 22:18:19.625826,2026-01-26 22:18:19.625827
317,MAT000317,Francesca,Rossitto,francesca.rossitto@bancatrinacria.it,+393495158328,22,Operatore,2015-10-07,,Attivo,2026-01-26 22:18:19.626649,2026-01-26 22:18:19.626650
318,MAT000318,Davide,La Rosa,davide.la rosa@bancatrinacria.it,+393295335554,11,Operatore,2017-06-13,,Attivo,2026-01-26 22:18:19.627459,2026-01-26 22:18:19.627460
319,MAT000319,Alessandro,Asaro,alessandro.asaro@bancatrinacria.it,+393305739930,27,Direttore,2022-08-27,,Attivo,2026-01-26 22:18:19.628417,2026-01-26 22:18:19.628418
320,MAT000320,Angela,Gagliano,angela.gagliano@bancatrinacria.it,+393368408588,27,Gestore,2019-12-31,,Attivo,2026-01-26 22:18:19.629342,2026-01-26 22:18:19.629343
321,MAT000321,Giovanni,Catalano,giovanni.catalano@bancatrinacria.it,+393481128801,19,Cassiere,2017-05-13,,Attivo,2026-01-26 22:18:19.630353,2026-01-26 22:18:19.630354
322,MAT000322,Daniela,Gallo,daniela.gallo@bancatrinacria.it,+393348612075,9,Cassiere,2015-06-05,,Attivo,2026-01-26 22:18:19.631297,2026-01-26 22:18:19.631298
323,MAT000323,Pietro,Lombardo,pietro.lombardo@bancatrinacria.it,+393354667665,5,Gestore,2015-03-11,,Attivo,2026-01-26 22:18:19.632285,2026-01-26 22:18:19.632286
324,MAT000324,Giuseppe,Caruso,giuseppe.caruso@bancatrinacria.it,+393281581449,7,Direttore,2015-12-21,,Attivo,2026-01-26 22:18:19.633429,2026-01-26 22:18:19.633430
325,MAT000325,Calogero,Grasso,calogero.grasso@bancatrinacria.it,+393207283268,24,Gestore,2018-04-23,,Attivo,2026-01-26 22:18:19.634315,2026-01-26 22:18:19.634316
326,MAT000326,Stefania,Asaro,stefania.asaro@bancatrinacria.it,+393498210099,2,Operatore,2019-06-03,,Attivo,2026-01-26 22:18:19.635175,2026-01-26 22:18:19.635177
327,MAT000327,Francesca,Marchese,francesca.marchese@bancatrinacria.it,+393403682223,29,Direttore,2021-12-01,,Attivo,2026-01-26 22:18:19.636037,2026-01-26 22:18:19.636038
328,MAT000328,Teresa,SuteraRusso,teresa.suterarusso@bancatrinacria.it,+393497814141,29,Operatore,2017-03-19,,Attivo,2026-01-26 22:18:19.636875,2026-01-26 22:18:19.636876
329,MAT000329,Lucia,D'Angelo,lucia.d'angelo@bancatrinacria.it,+393313149135,7,Cassiere,2020-06-13,,Attivo,2026-01-26 22:18:19.637682,2026-01-26 22:18:19.637683
330,MAT000330,Francesca,Santoro,francesca.santoro@bancatrinacria.it,+393405620533,26,Direttore,2022-12-27,,Attivo,2026-01-26 22:18:19.638610,2026-01-26 22:18:19.638611
331,MAT000331,Stefania,Vitale,stefania.vitale@bancatrinacria.it,+393397775478,7,Cassiere,2016-03-21,,Attivo,2026-01-26 22:18:19.639434,2026-01-26 22:18:19.639435
332,MAT000332,Caterina,Vitale,caterina.vitale@bancatrinacria.it,+393493411080,13,Gestore,2024-02-11,,Attivo,2026-01-26 22:18:19.640245,2026-01-26 22:18:19.640246
333,MAT000333,Martina,Martino,martina.martino@bancatrinacria.it,+393288488725,13,Operatore,2019-05-27,,Attivo,2026-01-26 22:18:19.641178,2026-01-26 22:18:19.641180
334,MAT000334,Domenico,Vitale,domenico.vitale@bancatrinacria.it,+393468816580,3,Cassiere,2022-06-07,,Attivo,2026-01-26 22:18:19.642072,2026-01-26 22:18:19.642073
335,MAT000335,Luigi,Vitale,luigi.vitale@bancatrinacria.it,+393462299275,6,Operatore,2015-06-15,,Attivo,2026-01-26 22:18:19.643006,2026-01-26 22:18:19.643007
336,MAT000336,Francesco,Salerno,francesco.salerno@bancatrinacria.it,+393403038567,19,Operatore,2020-02-06,,Cessato,2026-01-26 22:18:19.643865,2026-01-26 22:18:19.643866
337,MAT000337,Antonino,Gallo,antonino.gallo@bancatrinacria.it,+393484498926,25,Cassiere,2022-05-01,,Attivo,2026-01-26 22:18:19.644981,2026-01-26 22:18:19.644982
338,MAT000338,Francesco,Rizza,francesco.rizza@bancatrinacria.it,+393423865577,8,Operatore,2024-12-12,,Attivo,2026-01-26 22:18:19.645995,2026-01-26 22:18:19.645996
339,MAT000339,Vincenzo,Pappalardo,vincenzo.pappalardo@bancatrinacria.it,+393333184322,28,Operatore,2016-10-06,,Attivo,2026-01-26 22:18:19.646848,2026-01-26 22:18:19.646849
340,MAT000340,Angela,Parisi,angela.parisi@bancatrinacria.it,+393455177739,21,Cassiere,2016-10-22,,Attivo,2026-01-26 22:18:19.647698,2026-01-26 22:18:19.647699
341,MAT000341,Carmela,Borsellino,carmela.borsellino@bancatrinacria.it,+393319922809,22,Operatore,2016-08-24,,Attivo,2026-01-26 22:18:19.648563,2026-01-26 22:18:19.648564
342,MAT000342,Teresa,La Rosa,teresa.la rosa@bancatrinacria.it,+393204137977,23,Operatore,2016-11-29,,Attivo,2026-01-26 22:18:19.649498,2026-01-26 22:18:19.649499
343,MAT000343,Giovanna,Fontana,giovanna.fontana@bancatrinacria.it,+393484257991,28,Operatore,2017-07-30,,Attivo,2026-01-26 22:18:19.650366,2026-01-26 22:18:19.650367
344,MAT000344,Maria,Longo,maria.longo@bancatrinacria.it,+393488629127,29,Gestore,2021-11-23,,Attivo,2026-01-26 22:18:19.651182,2026-01-26 22:18:19.651183
345,MAT000345,Davide,Torrisi,davide.torrisi@bancatrinacria.it,+393301729806,32,Gestore,2020-11-08,,Attivo,2026-01-26 22:18:19.652072,2026-01-26 22:18:19.652074
346,MAT000346,Chiara,Nicolosi,chiara.nicolosi@bancatrinacria.it,+393357659916,32,Gestore,2016-07-02,,Attivo,2026-01-26 22:18:19.652949,2026-01-26 22:18:19.652950
347,MAT000347,Rosa,Trovato,rosa.trovato@bancatrinacria.it,+393496430098,15,Direttore,2016-04-27,,Attivo,2026-01-26 22:18:19.653767,2026-01-26 22:18:19.653768
348,MAT000348,Giuseppina,Castagna,giuseppina.castagna@bancatrinacria.it,+393455126944,21,Operatore,2024-08-02,,Attivo,2026-01-26 22:18:19.654616,2026-01-26 22:18:19.654617
349,MAT000349,Caterina,Grasso,caterina.grasso@bancatrinacria.it,+393346887258,8,Gestore,2021-03-22,,Attivo,2026-01-26 22:18:19.655461,2026-01-26 22:18:19.655462
350,MAT000350,Simone,Corsaro,simone.corsaro@bancatrinacria.it,+393422137213,2,Operatore,2020-09-13,,Attivo,2026-01-26 22:18:19.656311,2026-01-26 22:18:19.656312
